Cluster,study_hours_per_day,social_media_hours,netflix_hours,attendance_percentage,sleep_hours
0,3.7657794676806082,2.579847908745247,1.5425855513307984,0.7596501901140684,5.784030418250951
1,3.8936507936507936,2.530952380952381,2.806349206349206,0.8957420634920634,6.161904761904762
2,3.069122807017544,2.356842105263158,1.205964912280702,0.8720561403508772,7.361052631578947
